Name,Email,Password,StudID,Project Title,SupervisorID,Status
CHERN ,YCHERN@e.ntu.edu.sg;,orange,YCHERN,Machine Learning-based Interference Mitigation in a Multi-tier Networks,A S Madhukumar,Unassigned
KOH ,KOH1@e.ntu.edu.sg;,password,KOH1,null,null,Unassigned
BRANDON ,BR015@e.ntu.edu.sg;,abcde,BR015,null,null,Unassigned
CALVIN ,CT113@e.ntu.edu.sg;,password,CT113,null,null,Unassigned
CHAN,YCN019@e.ntu.edu.sg;,password,YCN019,null,null,Unassigned
DENISE,DL007@e.ntu.edu.sg;,password,DL007,null,null,Unassigned
DONG,DON84@e.ntu.edu.sg;,password,DON84,null,null,Unassigned
ERNEST,ELI34@e.ntu.edu.sg;,password,ELI34,null,null,Unassigned
LEE ,LE51@e.ntu.edu.sg;,password,LE51,null,null,Unassigned
LIU ,SL22@e.ntu.edu.sg;,password,SL22,null,null,Unassigned
RAWAL,AKY013@e.ntu.edu.sg;,password,AKY013,null,null,Unassigned
